<?xml version="1.0" encoding="UTF-8"?>
<Configuration status="debug" strict="true" name="XMLConfigTest">
  <Properties>
    <Property name="filename">../../logs/ChatAdapter.log</Property>
  </Properties>
  <Filter type="ThresholdFilter" level="trace"/>
 
  <Appenders>
    <Appender type="Console" name="STDOUT">
      <Layout type="PatternLayout" pattern="%d %p %C{1.} [%t] %m%n"/>
    </Appender>
    <Appender type="Console" name="FLOW">
      <Layout type="PatternLayout" pattern="%C{1}.%M %m %ex%n"/><!-- class and line number -->
      <Filters>
        <Filter type="MarkerFilter" marker="FLOW" onMatch="ACCEPT" onMismatch="NEUTRAL"/>
        <Filter type="MarkerFilter" marker="EXCEPTION" onMatch="ACCEPT" onMismatch="DENY"/>
      </Filters>
    </Appender>
    <Appender type="File" name="File" fileName="${filename}">
      <Layout type="PatternLayout">
        <Pattern>%d %p %C{1.} [%t] %m%n</Pattern>
      </Layout>
    </Appender>
  </Appenders>
 
  <Loggers>
    <Logger name="LS_demos_Logger.Chat" level="debug" additivity="false">
      <AppenderRef ref="STDOUT"/>
	  <AppenderRef ref="File"/>
    </Logger>
    <Root level="trace">
      <AppenderRef ref="STDOUT"/>
	  <AppenderRef ref="File"/>
    </Root>
  </Loggers>
 
</Configuration>
